Modelo,Acurácia,Precisão,Recall,F1-score,ROC AUC,Acurácia_std,Precisão_std,Recall_std,F1-score_std,ROC AUC_std
Logistic Regression,0.7833333333333333,0.4,0.3,0.3333333333333333,0.7333333333333334,0.09431096343018264,0.4358898943540674,0.33166247903554,0.3574601764921203,0.2594866727470475
Decision Tree,0.9285714285714286,0.7666666666666666,0.75,0.7466666666666667,0.865,0.095831484749991,0.39581140290126393,0.4031128874149275,0.38850139424889235,0.1975474626513841
KNN - 7,0.7833333333333332,0.5,0.4,0.41666666666666663,0.655,0.06937524897301647,0.3872983346207417,0.30000000000000004,0.2813657169355689,0.31420534686729945
KNN - 5,0.769047619047619,0.5,0.4,0.41666666666666663,0.6616666666666667,0.09285714285714283,0.3872983346207417,0.30000000000000004,0.2813657169355689,0.2687470930075338
KNN - 3,0.7238095238095237,0.41666666666666663,0.4,0.3733333333333333,0.5483333333333333,0.10168645954315533,0.3515837184954831,0.30000000000000004,0.25595138427269953,0.2513795271430565
Random Forest,0.9142857142857143,0.8,0.65,0.7,0.8949999999999999,0.09476070829586858,0.4,0.39051248379533277,0.3785938897200183,0.2196019125599775
